{"paragraphs":[{"config":{"colWidth":12,"graph":{"mode":"table","height":300,"optionOpen":false,"keys":[],"values":[],"groups":[],"scatter":{}},"enabled":true,"editorMode":"ace/mode/scala"},"settings":{"params":{},"forms":{}},"jobName":"paragraph_1462709270725_-363517743","id":"20160508-080750_776556596","dateCreated":"May 8, 2016 8:07:50 AM","status":"FINISHED","progressUpdateIntervalMs":500,"$$hashKey":"object:5711","text":"val pDF = sqlContext.sql(\"SELECT * FROM parquet.`hdfs://lambda-pluralsight:9000/lambda/batch1/` WHERE page_view_count > 2\")\npDF.show()","dateUpdated":"May 8, 2016 8:18:19 AM","dateFinished":"May 8, 2016 8:18:20 AM","dateStarted":"May 8, 2016 8:18:19 AM","result":{"code":"SUCCESS","type":"TEXT","msg":"pDF: org.apache.spark.sql.DataFrame = [product: string, purchase_count: bigint, add_to_cart_count: bigint, page_view_count: bigint, timestamp_hour: string]\n+--------------------+--------------+-----------------+---------------+--------------+\n|             product|purchase_count|add_to_cart_count|page_view_count|timestamp_hour|\n+--------------------+--------------+-----------------+---------------+--------------+\n|J. Lohr,Seven Oak...|             1|                1|              6|    2016-06-02|\n|Purity Farms,Orga...|             0|                0|              4|    2016-06-02|\n|l'Oreal,EverStron...|             0|                0|              4|    2016-06-02|\n|Gatorade,Fierce G...|             0|                0|              3|    2016-06-02|\n|Palmolive,Origina...|             0|                0|              3|    2016-06-02|\n|Clorox,Disinfecti...|             0|                0|              3|    2016-06-02|\n|Expo,Dry Erase Ma...|             0|                0|              5|    2016-06-02|\n|Stanley,9 Way Scr...|             0|                0|              3|    2016-06-02|\n|Safeway,Blue Mint...|             1|                0|              6|    2016-06-02|\n|Old Spice,Refresh...|             0|                0|              3|    2016-06-02|\n|California Pizza ...|             0|                0|              3|    2016-06-02|\n|Kettle,Classic Ba...|             0|                0|              3|    2016-06-02|\n|Trader Joe's,Curr...|             0|                0|              3|    2016-06-02|\n|De Cecco,Penne Ri...|             0|                0|              4|    2016-06-02|\n|McCormick,Pure Gr...|             0|                0|              3|    2016-06-02|\n|Palmolive,Origina...|             0|                0|              3|    2016-06-02|\n|Trader Joe's,Curr...|             0|                0|              3|    2016-06-02|\n|Kettle,Classic Ba...|             0|                0|              3|    2016-06-02|\n|Expo,Dry Erase Ma...|             0|                0|              5|    2016-06-02|\n|Old Spice,Refresh...|             0|                0|              3|    2016-06-02|\n+--------------------+--------------+-----------------+---------------+--------------+\nonly showing top 20 rows\n\n"},"focus":true},{"config":{"colWidth":12,"graph":{"mode":"table","height":300,"optionOpen":false,"keys":[],"values":[],"groups":[],"scatter":{}},"enabled":true,"editorMode":"ace/mode/scala"},"settings":{"params":{},"forms":{}},"jobName":"paragraph_1462709562684_228639818","id":"20160508-081242_794517634","dateCreated":"May 8, 2016 8:12:42 AM","status":"FINISHED","progressUpdateIntervalMs":500,"focus":true,"$$hashKey":"object:5791","dateUpdated":"May 8, 2016 8:19:25 AM","dateFinished":"May 8, 2016 8:19:25 AM","dateStarted":"May 8, 2016 8:19:25 AM","result":{"code":"SUCCESS","type":"TEXT","msg":""},"text":"pDF.registerTempTable(\"source\")\n"},{"config":{"colWidth":12,"graph":{"mode":"multiBarChart","height":300,"optionOpen":false,"keys":[{"name":"len","index":0,"aggr":"sum"}],"values":[{"name":"page_views","index":1,"aggr":"sum"}],"groups":[],"scatter":{"xAxis":{"name":"len","index":0,"aggr":"sum"},"yAxis":{"name":"page_views","index":1,"aggr":"sum"}}},"enabled":true,"editorMode":"ace/mode/sql"},"settings":{"params":{},"forms":{}},"jobName":"paragraph_1462709965118_-630705334","id":"20160508-081925_611828478","dateCreated":"May 8, 2016 8:19:25 AM","status":"FINISHED","progressUpdateIntervalMs":500,"focus":true,"$$hashKey":"object:5870","dateUpdated":"May 8, 2016 8:22:14 AM","dateFinished":"May 8, 2016 8:22:08 AM","dateStarted":"May 8, 2016 8:22:05 AM","result":{"code":"SUCCESS","type":"TABLE","msg":"len\tpage_views\n31\t26\n32\t26\n33\t52\n34\t30\n35\t28\n36\t22\n37\t28\n38\t14\n39\t18\n40\t22\n41\t6\n42\t20\n43\t34\n44\t14\n45\t14\n46\t6\n47\t22\n48\t20\n49\t20\n51\t14\n56\t18\n59\t6\n64\t10\n11\t10\n13\t6\n14\t14\n15\t10\n16\t16\n17\t6\n18\t14\n19\t16\n20\t20\n21\t80\n22\t18\n23\t42\n24\t28\n25\t46\n26\t16\n27\t50\n28\t38\n29\t64\n30\t46\n","comment":"","msgTable":[[{"key":"page_views","value":"31"},{"key":"page_views","value":"26"}],[{"value":"32"},{"value":"26"}],[{"value":"33"},{"value":"52"}],[{"value":"34"},{"value":"30"}],[{"value":"35"},{"value":"28"}],[{"value":"36"},{"value":"22"}],[{"value":"37"},{"value":"28"}],[{"value":"38"},{"value":"14"}],[{"value":"39"},{"value":"18"}],[{"value":"40"},{"value":"22"}],[{"value":"41"},{"value":"6"}],[{"value":"42"},{"value":"20"}],[{"value":"43"},{"value":"34"}],[{"value":"44"},{"value":"14"}],[{"value":"45"},{"value":"14"}],[{"value":"46"},{"value":"6"}],[{"value":"47"},{"value":"22"}],[{"value":"48"},{"value":"20"}],[{"value":"49"},{"value":"20"}],[{"value":"51"},{"value":"14"}],[{"value":"56"},{"value":"18"}],[{"value":"59"},{"value":"6"}],[{"value":"64"},{"value":"10"}],[{"value":"11"},{"value":"10"}],[{"value":"13"},{"value":"6"}],[{"value":"14"},{"value":"14"}],[{"value":"15"},{"value":"10"}],[{"value":"16"},{"value":"16"}],[{"value":"17"},{"value":"6"}],[{"value":"18"},{"value":"14"}],[{"value":"19"},{"value":"16"}],[{"value":"20"},{"value":"20"}],[{"value":"21"},{"value":"80"}],[{"value":"22"},{"value":"18"}],[{"value":"23"},{"value":"42"}],[{"value":"24"},{"value":"28"}],[{"value":"25"},{"value":"46"}],[{"value":"26"},{"value":"16"}],[{"value":"27"},{"value":"50"}],[{"value":"28"},{"value":"38"}],[{"value":"29"},{"value":"64"}],[{"value":"30"},{"value":"46"}]],"columnNames":[{"name":"len","index":0,"aggr":"sum"},{"name":"page_views","index":1,"aggr":"sum"}],"rows":[["31","26"],["32","26"],["33","52"],["34","30"],["35","28"],["36","22"],["37","28"],["38","14"],["39","18"],["40","22"],["41","6"],["42","20"],["43","34"],["44","14"],["45","14"],["46","6"],["47","22"],["48","20"],["49","20"],["51","14"],["56","18"],["59","6"],["64","10"],["11","10"],["13","6"],["14","14"],["15","10"],["16","16"],["17","6"],["18","14"],["19","16"],["20","20"],["21","80"],["22","18"],["23","42"],["24","28"],["25","46"],["26","16"],["27","50"],["28","38"],["29","64"],["30","46"]]},"text":"%sql\nselect length(product) as len, sum(page_view_count) page_views from source group by length(product)"},{"config":{"colWidth":12,"graph":{"mode":"table","height":300,"optionOpen":false,"keys":[],"values":[],"groups":[],"scatter":{}},"enabled":true},"settings":{"params":{},"forms":{}},"jobName":"paragraph_1462710125703_-720895276","id":"20160508-082205_468876473","dateCreated":"May 8, 2016 8:22:05 AM","status":"READY","progressUpdateIntervalMs":500,"focus":true,"$$hashKey":"object:5941"}],"name":"batch1","id":"2BM5MAJ7D","angularObjects":{"2BK6NH3SF":[],"2BK47W1C5":[],"2BMQACCP5":[],"2BHF4B2NK":[],"2BKDJ3M4R":[],"2BKKARG9M":[],"2BKVA2REC":[],"2BKMCXBH9":[],"2BMJV2D1M":[],"2BJPRJEU2":[],"2BKJ7J987":[],"2BMPQZ2PQ":[],"2BM6CH479":[],"2BJAETSFU":[],"2BKFC1B4M":[],"2BMRZV3DQ":[],"2BJBMK8WJ":[],"2BMMDKHW5":[]},"config":{"looknfeel":"default"},"info":{}}