﻿{"paragraphs":[{"text":"%cassandra\ndesc keyspaces;","dateUpdated":"2016-10-08T23:33:54-0400","config":{"colWidth":12,"graph":{"mode":"table","height":300,"optionOpen":false,"keys":[],"values":[],"groups":[],"scatter":{}},"enabled":true,"editorMode":"ace/mode/scala"},"settings":{"params":{},"forms":{}},"jobName":"paragraph_1475951168966_940179816","id":"20161008-142608_2121888790","dateCreated":"2016-10-08T02:26:08-0400","dateStarted":"2016-10-08T23:33:54-0400","dateFinished":"2016-10-08T23:34:33-0400","status":"FINISHED","progressUpdateIntervalMs":500,"$$hashKey":"object:1895","errorMessage":""},{"text":"%cassandra\nCREATE KEYSPACE lambda WITH replication = {'class': 'SimpleStrategy', 'replication_factor':1};","dateUpdated":"2016-10-08T03:59:53-0400","config":{"colWidth":12,"graph":{"mode":"table","height":300,"optionOpen":false,"keys":[],"values":[],"groups":[],"scatter":{}},"enabled":true,"editorMode":"ace/mode/scala"},"settings":{"params":{},"forms":{}},"jobName":"paragraph_1475956756989_-940738849","id":"20161008-155916_1548528368","dateCreated":"2016-10-08T03:59:16-0400","dateStarted":"2016-10-08T03:59:53-0400","dateFinished":"2016-10-08T03:59:54-0400","status":"FINISHED","progressUpdateIntervalMs":500,"$$hashKey":"object:1896","errorMessage":""},{"text":"%cassandra\nCREATE TABLE lambda.stream_activity_by_product (\n         product text,\n         timestamp_hour bigint,\n         purchase_count bigint,\n         add_to_cart_count bigint,\n         page_view_count bigint,\n         PRIMARY KEY (product, timestamp_hour)\n) WITH CLUSTERING ORDER BY (timestamp_hour DESC);\n\nCREATE TABLE lambda.stream_visitors_by_product (\n         product text,\n         timestamp_hour bigint,\n         unique_visitors bigint,\n         PRIMARY KEY (product, timestamp_hour)\n) WITH CLUSTERING ORDER BY (timestamp_hour DESC);\n\nCREATE TABLE lambda.batch_activity_by_product (\n         product text,\n         timestamp_hour bigint,\n         purchase_count bigint,\n         add_to_cart_count bigint,\n         page_view_count bigint,\n         PRIMARY KEY (product, timestamp_hour)\n) WITH CLUSTERING ORDER BY (timestamp_hour DESC);\n\nCREATE TABLE lambda.batch_visitors_by_product (\n         product text,\n         timestamp_hour bigint,\n         unique_visitors bigint,\n         PRIMARY KEY (product, timestamp_hour)\n) WITH CLUSTERING ORDER BY (timestamp_hour DESC);","dateUpdated":"2016-10-08T04:01:32-0400","config":{"colWidth":12,"graph":{"mode":"table","height":300,"optionOpen":false,"keys":[],"values":[],"groups":[],"scatter":{}},"enabled":true},"settings":{"params":{},"forms":{}},"jobName":"paragraph_1475956793717_2042881602","id":"20161008-155953_505341260","dateCreated":"2016-10-08T03:59:53-0400","dateStarted":"2016-10-08T04:01:32-0400","dateFinished":"2016-10-08T04:01:38-0400","status":"FINISHED","progressUpdateIntervalMs":500,"$$hashKey":"object:1897","errorMessage":""},{"text":"%cassandra\nselect * from lambda.stream_activity_by_product;","dateUpdated":"2016-10-08T23:37:51-0400","config":{"colWidth":12,"graph":{"mode":"table","height":300,"optionOpen":false,"keys":[],"values":[],"groups":[],"scatter":{}},"enabled":true,"editorMode":"ace/mode/scala"},"settings":{"params":{},"forms":{}},"jobName":"paragraph_1475956892755_1287573538","id":"20161008-160132_1915297356","dateCreated":"2016-10-08T04:01:32-0400","dateStarted":"2016-10-08T23:37:52-0400","dateFinished":"2016-10-08T23:37:52-0400","status":"FINISHED","progressUpdateIntervalMs":500,"$$hashKey":"object:1898","errorMessage":""},{"text":"%cassandra\nselect * from lambda.stream_visitors_by_product;","dateUpdated":"2016-10-08T23:38:14-0400","config":{"colWidth":12,"graph":{"mode":"table","height":300,"optionOpen":true,"keys":[{"name":"product","index":0,"aggr":"sum"}],"values":[{"name":"timestamp_hour","index":1,"aggr":"sum"}],"groups":[],"scatter":{"xAxis":{"name":"product","index":0,"aggr":"sum"},"yAxis":{"name":"timestamp_hour","index":1,"aggr":"sum"}}},"enabled":true,"editorMode":"ace/mode/scala"},"settings":{"params":{},"forms":{}},"jobName":"paragraph_1475956947216_1327080081","id":"20161008-160227_10301659","dateCreated":"2016-10-08T04:02:27-0400","dateStarted":"2016-10-08T23:37:56-0400","dateFinished":"2016-10-08T23:37:57-0400","status":"FINISHED","progressUpdateIntervalMs":500,"$$hashKey":"object:1899","errorMessage":""},{"text":"","dateUpdated":"2016-10-08T23:37:22-0400","config":{"colWidth":12,"graph":{"mode":"table","height":300,"optionOpen":false,"keys":[],"values":[],"groups":[],"scatter":{}},"enabled":true},"settings":{"params":{},"forms":{}},"jobName":"paragraph_1475984232169_438223937","id":"20161008-233712_1721173692","dateCreated":"2016-10-08T23:37:12-0400","status":"READY","progressUpdateIntervalMs":500,"$$hashKey":"object:1900","errorMessage":""}],"name":"Cassandra","id":"2BZXRN6G9","angularObjects":{"2BWNYNN11:shared_process":[],"2BUSDYYKT:shared_process":[],"2BWSGTUPW:shared_process":[],"2BWU6HYPM:shared_process":[],"2BVAPTGUG:shared_process":[],"2BWUBB1VP:shared_process":[],"2BW6CXMBY:shared_process":[],"2BV4PX6B9:shared_process":[],"2BV6AB1D1:shared_process":[],"2BWXF5UXU:shared_process":[],"2BWGQ459A:shared_process":[],"2BWVEP8DM:shared_process":[],"2BVZP3C2E:shared_process":[],"2BW119W4H:shared_process":[],"2BU4UEHEY:shared_process":[],"2BUTE2D9V:shared_process":[],"2BU9D6U2X:shared_process":[],"2BUFBQENP:shared_process":[]},"config":{"looknfeel":"default"},"info":{}}